Time,Heart_beat, Speed
1422185084.000000,89,0.122000
1422185085.000000,89,0.000000
1422185090.000000,88,0.767000
1422185093.000000,88,1.734000
1422185096.000000,95,2.599000
1422185097.000000,105,2.863000
1422185098.000000,116,3.099000
1422185099.000000,122,3.365000
1422185100.000000,127,3.693000
1422185101.000000,132,3.825000
1422185102.000000,135,3.792000
1422185103.000000,139,3.734000
1422185104.000000,141,3.614000
1422185105.000000,142,3.484000
1422185107.000000,145,3.248000
1422185108.000000,146,3.195000
1422185111.000000,149,3.429000
1422185112.000000,150,3.365000
1422185115.000000,153,3.381000
1422185117.000000,153,3.416000
1422185118.000000,154,3.438000
1422185121.000000,154,3.452000
1422185126.000000,155,3.518000
1422185131.000000,156,4.052000
1422185132.000000,156,4.045000
1422185138.000000,158,3.664000
1422185139.000000,159,3.556000
1422185143.000000,161,3.507000
1422185148.000000,162,3.701000
1422185153.000000,163,3.928000
1422185154.000000,163,3.898000
1422185158.000000,163,4.240000
1422185159.000000,164,4.344000
1422185162.000000,164,4.385000
1422185164.000000,164,4.249000
1422185169.000000,163,4.727000
1422185172.000000,163,4.452000
1422185177.000000,163,4.326000
1422185179.000000,163,3.682000
1422185180.000000,163,3.559000
1422185185.000000,162,3.575000
1422185190.000000,163,3.514000
1422185195.000000,163,3.364000
1422185196.000000,163,3.386000
1422185202.000000,165,3.390000
1422185208.000000,164,3.301000
1422185212.000000,163,3.037000
1422185217.000000,159,2.915000
1422185218.000000,158,2.926000
1422185219.000000,154,2.917000
1422185223.000000,153,2.994000
1422185226.000000,155,3.098000
1422185230.000000,158,2.976000
1422185232.000000,160,2.934000
1422185238.000000,163,2.906000
1422185242.000000,163,2.950000
1422185247.000000,163,2.857000
1422185252.000000,162,2.614000
1422185256.000000,161,2.393000
1422185257.000000,161,2.334000
1422185262.000000,163,2.209000
1422185266.000000,163,2.475000
1422185271.000000,165,2.751000
1422185276.000000,168,3.006000
1422185281.000000,171,3.254000
1422185287.000000,171,3.417000
1422185288.000000,171,3.453000
1422185294.000000,171,3.527000
1422185299.000000,171,3.456000
1422185305.000000,173,3.335000
1422185311.000000,171,3.326000
1422185317.000000,171,3.343000
1422185318.000000,171,3.565000
1422185324.000000,170,3.524000
1422185329.000000,171,3.536000
1422185330.000000,171,3.367000
1422185336.000000,170,3.251000
1422185342.000000,168,3.064000
1422185348.000000,169,2.975000
1422185353.000000,170,2.864000
1422185357.000000,170,2.849000
1422185362.000000,171,3.190000
1422185369.000000,169,3.420000
1422185374.000000,168,3.320000
1422185378.000000,168,3.306000
1422185383.000000,168,3.356000
1422185389.000000,169,3.280000
1422185390.000000,170,3.291000
1422185395.000000,170,3.175000
1422185401.000000,171,3.124000
1422185408.000000,172,3.151000
1422185413.000000,175,3.219000
1422185414.000000,174,3.235000
1422185421.000000,174,3.325000
1422185426.000000,175,3.371000
1422185433.000000,175,3.322000
1422185440.000000,175,3.250000
1422185442.000000,174,3.156000
1422185444.000000,174,2.999000
1422185449.000000,173,2.900000
1422185453.000000,170,2.926000
1422185455.000000,170,2.961000
1422185461.000000,172,2.757000
1422185465.000000,172,3.028000
1422185467.000000,171,3.072000
1422185474.000000,171,3.081000
1422185480.000000,169,3.064000
1422185486.000000,169,3.058000
1422185492.000000,169,2.897000
1422185499.000000,168,3.035000
1422185503.000000,165,3.245000
1422185505.000000,163,3.061000
1422185512.000000,165,3.078000
1422185519.000000,167,3.051000
1422185526.000000,169,3.043000
1422185532.000000,170,3.117000
1422185537.000000,171,3.147000
1422185543.000000,173,3.186000
1422185551.000000,172,3.111000
1422185557.000000,171,2.850000
1422185563.000000,171,2.878000
1422185568.000000,170,2.962000
1422185573.000000,169,2.919000
1422185577.000000,169,2.726000
1422185579.000000,169,2.509000
1422185581.000000,167,0.304000
1422185584.000000,164,0.000000
1422185587.000000,160,0.000000
1422185589.000000,156,0.000000
1422185591.000000,153,0.168000
1422185593.000000,151,0.000000
1422185595.000000,148,0.000000
1422185598.000000,145,0.167000
1422185603.000000,141,0.000000
1422185605.000000,137,0.000000
1422185608.000000,134,0.237000
1422185612.000000,135,0.176000
1422185615.000000,137,0.525000
1422185617.000000,140,1.080000
1422185619.000000,143,1.722000
1422185621.000000,146,2.365000
1422185622.000000,147,2.624000
1422185626.000000,150,3.520000
1422185627.000000,151,3.621000
1422185630.000000,155,3.742000
1422185633.000000,158,3.591000
1422185634.000000,159,3.609000
1422185639.000000,161,3.722000
1422185646.000000,162,3.401000
1422185652.000000,162,3.167000
1422185657.000000,162,3.173000
1422185664.000000,162,3.030000
1422185670.000000,164,3.053000
1422185676.000000,163,3.053000
1422185681.000000,166,2.926000
1422185682.000000,166,2.899000
1422185688.000000,165,3.015000
1422185693.000000,165,3.023000
1422185694.000000,165,3.011000
1422185700.000000,164,3.055000
1422185701.000000,164,3.091000
1422185704.000000,162,3.017000
1422185709.000000,161,2.831000
1422185713.000000,164,2.635000
1422185718.000000,164,2.605000
1422185723.000000,167,3.041000
1422185727.000000,170,3.375000
1422185728.000000,170,3.430000
1422185732.000000,169,3.514000
1422185737.000000,168,3.115000
1422185742.000000,165,2.651000
1422185745.000000,161,2.180000
1422185747.000000,158,0.718000
1422185748.000000,157,0.385000
1422185750.000000,154,0.225000
1422185752.000000,151,0.310000
1422185754.000000,148,0.243000
1422185755.000000,147,0.176000
1422185760.000000,144,0.000000
1422185762.000000,141,0.125000
1422185767.000000,140,0.696000
1422185771.000000,139,0.749000
1422185778.000000,137,0.000000
1422185782.000000,134,0.171000
1422185785.000000,131,0.200000
1422185788.000000,129,0.000000
1422185793.000000,132,1.037000
1422185797.000000,135,2.078000
1422185798.000000,135,2.357000
1422185802.000000,138,3.048000
1422185804.000000,140,3.158000
1422185806.000000,143,3.353000
1422185808.000000,146,3.354000
1422185811.000000,149,3.564000
1422185813.000000,151,3.628000
1422185818.000000,154,3.457000
1422185819.000000,155,3.400000
1422185825.000000,155,3.105000
1422185828.000000,152,3.273000
1422185831.000000,151,3.230000
1422185836.000000,153,3.142000
1422185840.000000,156,2.930000
1422185842.000000,157,2.939000
1422185843.000000,157,2.957000
1422185848.000000,160,3.035000
1422185854.000000,160,2.928000
1422185856.000000,160,2.941000
1422185858.000000,160,2.901000
1422185864.000000,161,2.919000
1422185868.000000,164,3.021000
1422185870.000000,164,3.074000
1422185875.000000,165,3.224000
1422185881.000000,166,3.293000
1422185887.000000,165,3.178000
1422185891.000000,167,3.160000
1422185898.000000,167,3.093000
1422185904.000000,166,2.947000
1422185910.000000,166,2.966000
1422185915.000000,165,2.928000
1422185920.000000,164,2.862000
1422185927.000000,165,2.719000
1422185933.000000,164,2.631000
1422185939.000000,166,2.762000
1422185944.000000,167,2.859000
1422185945.000000,167,2.857000
1422185948.000000,165,2.859000
1422185953.000000,165,2.867000
1422185957.000000,166,2.984000
1422185961.000000,168,3.207000
1422185965.000000,169,3.297000
1422185966.000000,169,3.336000
1422185971.000000,168,3.155000
1422185977.000000,168,3.084000
1422185984.000000,168,3.196000
1422185991.000000,167,2.927000
1422185996.000000,168,2.931000
1422186002.000000,169,3.010000
1422186008.000000,170,3.009000
1422186013.000000,169,2.933000
1422186019.000000,168,2.646000
1422186021.000000,167,2.515000
1422186024.000000,164,2.329000
1422186030.000000,161,2.463000
1422186034.000000,161,2.648000
1422186035.000000,161,2.762000
1422186040.000000,163,2.640000
1422186044.000000,164,2.489000
1422186046.000000,165,2.567000
1422186052.000000,164,2.702000
1422186059.000000,165,3.159000
1422186065.000000,167,3.323000
1422186072.000000,167,3.200000
1422186073.000000,167,3.175000
1422186078.000000,168,3.064000
1422186079.000000,168,3.021000
1422186085.000000,167,2.817000
1422186088.000000,167,2.678000
1422186090.000000,166,2.692000
1422186094.000000,163,2.526000
1422186096.000000,162,2.508000
1422186099.000000,162,2.428000
1422186101.000000,161,2.529000
1422186106.000000,161,2.789000
1422186112.000000,159,2.976000
1422186118.000000,158,2.873000
1422186124.000000,161,2.931000
1422186125.000000,161,3.035000
1422186131.000000,161,3.422000
1422186134.000000,162,3.445000
1422186135.000000,163,3.467000
1422186140.000000,163,3.479000
1422186145.000000,166,3.450000
1422186150.000000,167,3.374000
1422186157.000000,168,3.236000
1422186164.000000,169,2.840000
1422186169.000000,168,2.692000
1422186170.000000,167,2.687000
1422186174.000000,167,2.732000
1422186175.000000,167,2.774000
1422186179.000000,168,2.804000
1422186185.000000,169,3.007000
1422186190.000000,170,3.336000
1422186196.000000,168,3.379000
1422186202.000000,167,2.982000
1422186208.000000,167,2.845000
1422186214.000000,166,2.834000
1422186219.000000,165,2.877000
1422186225.000000,162,2.837000
1422186226.000000,163,2.850000
1422186230.000000,162,2.612000
1422186232.000000,161,2.410000
1422186234.000000,161,2.325000
1422186239.000000,163,2.489000
1422186244.000000,166,3.049000
1422186249.000000,168,3.078000
1422186254.000000,169,3.159000
1422186257.000000,169,3.157000
1422186259.000000,169,3.151000
1422186265.000000,168,3.080000
1422186271.000000,168,2.999000
1422186273.000000,169,3.000000
1422186277.000000,169,3.132000
1422186284.000000,172,3.250000
1422186285.000000,172,3.248000
1422186288.000000,171,3.121000
1422186293.000000,170,3.109000
1422186297.000000,171,3.179000
1422186302.000000,171,3.223000
1422186307.000000,171,3.201000
1422186313.000000,171,3.210000
1422186318.000000,169,3.092000
1422186324.000000,168,2.875000
1422186328.000000,164,2.801000
1422186330.000000,161,2.824000
1422186335.000000,162,2.849000
1422186339.000000,165,2.906000
1422186341.000000,166,3.009000
1422186345.000000,169,2.940000
1422186352.000000,171,2.753000
1422186357.000000,168,2.602000
1422186359.000000,166,2.543000
1422186366.000000,164,2.453000
1422186372.000000,165,2.507000
1422186377.000000,167,2.680000
1422186382.000000,168,2.879000
1422186387.000000,167,2.940000
1422186393.000000,167,3.030000
1422186398.000000,167,3.040000
1422186403.000000,168,2.958000
1422186409.000000,170,2.778000
1422186413.000000,172,2.858000
1422186418.000000,172,3.070000
1422186423.000000,174,3.221000
1422186428.000000,176,3.194000
1422186433.000000,178,3.376000
1422186440.000000,176,3.276000
1422186441.000000,176,3.267000
1422186447.000000,173,3.095000
1422186454.000000,170,2.806000
1422186461.000000,168,2.661000
1422186467.000000,167,2.633000
1422186472.000000,166,2.664000
1422186473.000000,166,2.628000
1422186478.000000,166,2.738000
1422186484.000000,166,2.785000
1422186489.000000,166,2.852000
1422186495.000000,167,2.825000
1422186500.000000,166,2.701000
1422186505.000000,165,2.740000
1422186508.000000,166,2.742000
1422186511.000000,165,2.723000
1422186514.000000,166,2.678000
1422186515.000000,167,2.691000
1422186521.000000,166,2.649000
1422186526.000000,166,2.587000
1422186531.000000,166,2.529000
1422186536.000000,166,2.509000
1422186542.000000,167,2.575000
1422186547.000000,167,2.544000
1422186554.000000,167,2.379000
1422186559.000000,166,2.474000
1422186564.000000,164,2.476000
1422186570.000000,165,2.512000
1422186573.000000,166,2.454000
1422186576.000000,165,2.463000
1422186581.000000,165,2.509000
1422186587.000000,165,2.776000
1422186592.000000,164,2.885000
1422186594.000000,164,2.787000
1422186596.000000,164,2.796000
1422186601.000000,165,2.643000
1422186606.000000,166,2.569000
1422186612.000000,166,2.571000
1422186616.000000,168,2.617000
1422186617.000000,168,2.638000
1422186621.000000,169,2.697000
1422186626.000000,168,2.834000
1422186630.000000,165,2.823000
1422186633.000000,165,2.906000
1422186639.000000,162,2.805000
1422186645.000000,163,2.718000
1422186651.000000,164,2.584000
1422186657.000000,165,2.579000
1422186663.000000,165,2.633000
1422186669.000000,164,2.659000
1422186674.000000,163,2.754000
1422186676.000000,160,2.792000
1422186678.000000,158,2.785000
1422186681.000000,155,2.755000
1422186683.000000,152,2.660000
1422186684.000000,152,2.613000
1422186688.000000,156,2.627000
1422186690.000000,159,2.633000
1422186692.000000,163,2.668000
1422186695.000000,166,2.853000
1422186696.000000,167,2.907000
1422186700.000000,170,2.966000
1422186703.000000,171,3.043000
1422186706.000000,171,3.001000
1422186710.000000,168,2.836000
1422186716.000000,167,2.836000
1422186721.000000,166,2.879000
1422186727.000000,166,2.764000
1422186732.000000,166,2.673000
1422186739.000000,164,2.672000
1422186744.000000,165,2.749000
1422186751.000000,165,2.683000
1422186758.000000,165,2.602000
1422186765.000000,163,2.761000
1422186772.000000,162,2.865000
1422186773.000000,162,2.886000
1422186779.000000,163,3.016000
1422186785.000000,164,2.954000
1422186791.000000,165,2.843000
1422186797.000000,166,2.746000
1422186800.000000,166,2.512000
1422186802.000000,166,2.530000
1422186804.000000,167,2.642000
1422186807.000000,170,3.009000
1422186809.000000,171,3.397000
1422186811.000000,174,3.951000
1422186813.000000,177,4.267000
1422186818.000000,179,4.195000
1422186823.000000,179,3.612000
1422186827.000000,180,3.472000
1422186832.000000,180,3.428000
1422186833.000000,181,3.439000
1422186837.000000,181,3.482000
1422186842.000000,180,3.271000
1422186846.000000,180,3.002000
1422186850.000000,179,2.949000
1422186856.000000,180,3.555000
1422186858.000000,179,3.553000
1422186860.000000,179,3.593000
1422186864.000000,178,3.307000
1422186867.000000,178,3.293000
1422186869.000000,178,3.315000
1422186874.000000,177,3.275000
1422186879.000000,176,2.859000
1422186883.000000,175,2.821000
1422186888.000000,173,2.637000
1422186891.000000,173,2.608000
1422186893.000000,173,2.435000
1422186898.000000,172,2.300000
1422186903.000000,173,2.606000
1422186908.000000,172,2.705000
1422186909.000000,172,2.700000
1422186913.000000,171,2.589000
1422186914.000000,170,2.592000
1422186919.000000,170,2.831000
1422186921.000000,170,2.913000
1422186924.000000,168,2.867000
1422186929.000000,166,2.561000
1422186935.000000,165,2.649000
1422186940.000000,166,2.784000
1422186945.000000,168,2.762000
1422186950.000000,170,2.871000
1422186956.000000,170,3.040000
1422186961.000000,170,3.042000
1422186967.000000,170,2.973000
1422186973.000000,171,3.009000
1422186980.000000,169,3.096000
1422186985.000000,168,3.070000
1422186990.000000,168,3.045000
1422186995.000000,168,3.140000
1422187001.000000,168,3.104000
1422187008.000000,168,2.981000
1422187015.000000,168,2.834000
1422187022.000000,167,2.849000
1422187023.000000,167,2.838000
1422187027.000000,165,2.847000
1422187033.000000,165,2.544000
1422187038.000000,166,2.443000
1422187043.000000,166,2.479000
1422187048.000000,166,2.476000
1422187049.000000,166,2.415000
1422187053.000000,165,2.295000
1422187056.000000,165,2.235000
1422187059.000000,163,2.126000
1422187064.000000,162,2.147000
1422187069.000000,165,2.323000
1422187072.000000,164,2.488000
1422187078.000000,166,2.729000
1422187082.000000,167,2.966000
1422187086.000000,168,3.159000
1422187087.000000,168,3.123000
1422187093.000000,168,3.172000
1422187098.000000,169,3.248000
1422187103.000000,170,3.263000
1422187110.000000,170,3.164000
1422187115.000000,170,3.203000
1422187121.000000,172,3.202000
1422187127.000000,171,3.054000
1422187133.000000,172,2.852000
1422187139.000000,169,2.681000
1422187141.000000,168,2.640000
1422187146.000000,167,2.507000
1422187152.000000,167,2.462000
1422187158.000000,166,2.551000
1422187164.000000,164,2.598000
1422187171.000000,165,2.665000
1422187177.000000,166,2.639000
1422187183.000000,165,2.592000
1422187185.000000,166,2.574000
1422187189.000000,165,2.411000
1422187194.000000,162,0.114000
1422187195.000000,162,0.175000
1422187197.000000,158,0.000000
1422187199.000000,156,0.105000
1422187203.000000,153,0.104000
1422187207.000000,150,0.074000
1422187211.000000,147,-1.000000
1422187212.000000,146,0.241000
1422187216.000000,143,0.000000
1422187220.000000,140,0.089000
1422187221.000000,140,0.000000
1422187227.000000,137,0.124000
1422187229.000000,134,0.000000
1422187231.000000,131,0.000000
1422187233.000000,131,0.245000
1422187235.000000,135,0.756000
1422187236.000000,138,1.036000
1422187237.000000,140,1.379000
1422187239.000000,144,1.897000
1422187242.000000,146,2.597000
1422187248.000000,148,2.957000
1422187253.000000,150,2.523000
1422187258.000000,153,2.580000
1422187263.000000,155,2.871000
1422187268.000000,158,3.055000
1422187273.000000,159,3.033000
1422187278.000000,159,2.843000
1422187282.000000,155,2.594000
1422187284.000000,151,2.547000
1422187289.000000,153,2.486000
1422187292.000000,156,2.604000
1422187295.000000,159,2.680000
1422187299.000000,161,2.769000
1422187303.000000,161,2.397000
1422187307.000000,158,0.260000
1422187308.000000,157,0.000000
1422187312.000000,154,0.000000
1422187314.000000,151,0.078000
1422187315.000000,151,0.076000
1422187319.000000,151,0.586000
1422187322.000000,154,1.399000
1422187324.000000,154,1.930000
1422187330.000000,153,3.212000
1422187336.000000,154,2.969000
1422187341.000000,157,2.818000
1422187343.000000,158,2.800000
1422187344.000000,158,2.825000
1422187346.000000,159,2.970000
1422187352.000000,160,3.291000
1422187353.000000,160,3.311000
1422187355.000000,159,3.358000
1422187357.000000,160,3.313000
1422187362.000000,160,3.066000
1422187366.000000,161,2.680000
1422187369.000000,162,2.629000
1422187370.000000,162,2.688000
1422187373.000000,164,2.711000
1422187375.000000,165,2.785000
1422187378.000000,166,2.777000
1422187380.000000,166,2.800000
1422187387.000000,167,2.872000
1422187390.000000,167,3.068000
1422187391.000000,168,3.140000
1422187396.000000,170,3.542000
1422187397.000000,171,3.609000
1422187401.000000,173,4.016000
1422187402.000000,174,4.096000
1422187407.000000,176,4.241000
1422187408.000000,176,4.216000
1422187413.000000,176,4.007000
1422187417.000000,176,3.780000
1422187423.000000,175,3.405000
1422187430.000000,174,2.864000
1422187434.000000,172,2.743000
1422187435.000000,171,2.648000
1422187438.000000,171,2.644000
1422187439.000000,170,2.615000
1422187444.000000,170,2.387000
1422187449.000000,171,2.332000
1422187454.000000,171,2.490000
1422187459.000000,169,2.723000
1422187466.000000,167,3.029000
1422187473.000000,166,2.833000
1422187478.000000,166,2.698000
1422187484.000000,166,2.803000
1422187491.000000,166,2.797000
1422187494.000000,167,2.671000
1422187497.000000,167,2.596000
1422187503.000000,167,2.497000
1422187508.000000,169,2.516000
1422187515.000000,168,2.697000
1422187520.000000,168,2.775000
1422187525.000000,168,2.915000
1422187529.000000,168,2.876000
1422187534.000000,167,2.986000
1422187538.000000,167,3.108000
1422187539.000000,167,3.098000
1422187545.000000,166,3.140000
1422187552.000000,166,2.973000
1422187553.000000,166,2.949000
1422187558.000000,167,2.946000
1422187561.000000,166,2.824000
1422187562.000000,166,2.760000
1422187564.000000,166,2.660000
1422187565.000000,165,2.632000
1422187568.000000,165,2.468000
1422187572.000000,162,2.420000
1422187573.000000,162,2.440000
1422187578.000000,163,2.544000
1422187584.000000,163,2.780000
1422187589.000000,162,2.746000
1422187591.000000,162,2.754000
1422187595.000000,162,2.620000
1422187598.000000,162,2.742000
1422187601.000000,163,2.818000
1422187606.000000,165,3.043000
1422187607.000000,165,2.969000
1422187609.000000,166,2.895000
1422187611.000000,166,2.945000
1422187615.000000,167,3.059000
1422187620.000000,167,3.008000
1422187624.000000,167,3.083000
1422187628.000000,168,3.048000
1422187634.000000,168,2.838000
1422187641.000000,167,2.902000
1422187646.000000,167,2.954000
1422187650.000000,167,2.891000
1422187656.000000,166,3.024000
1422187662.000000,165,2.913000
1422187667.000000,162,2.736000
1422187668.000000,163,2.712000
1422187675.000000,165,2.779000
1422187679.000000,166,2.801000
1422187685.000000,167,2.694000
1422187689.000000,166,2.551000
1422187694.000000,165,2.487000
1422187696.000000,165,2.427000
1422187698.000000,165,2.401000
1422187703.000000,165,2.425000
1422187709.000000,164,2.596000
1422187713.000000,161,2.442000
1422187714.000000,160,2.292000
1422187716.000000,159,2.127000
1422187719.000000,156,1.715000
1422187720.000000,155,1.601000
1422187722.000000,152,0.338000
1422187724.000000,150,0.268000
1422187727.000000,147,0.234000
1422187729.000000,144,0.218000
1422187732.000000,145,0.715000
1422187735.000000,148,1.325000
1422187738.000000,149,1.974000
1422187743.000000,152,2.861000
1422187746.000000,155,2.842000
1422187748.000000,155,2.754000
1422187752.000000,156,2.951000
1422187756.000000,159,3.168000
1422187760.000000,162,3.406000
1422187761.000000,162,3.433000
1422187765.000000,163,3.215000
1422187772.000000,162,2.999000
1422187776.000000,159,2.961000
1422187777.000000,159,2.841000
1422187782.000000,159,2.642000
1422187787.000000,157,2.375000
1422187793.000000,158,2.438000
1422187797.000000,159,2.680000
1422187802.000000,160,2.926000
1422187807.000000,162,3.015000
1422187813.000000,161,2.806000
1422187820.000000,159,2.391000
1422187826.000000,157,2.433000
1422187832.000000,153,2.507000
1422187834.000000,149,2.498000
1422187837.000000,147,2.432000
1422187842.000000,150,2.325000
1422187843.000000,150,2.302000
1422187845.000000,153,2.243000
1422187846.000000,154,2.267000
1422187848.000000,156,2.286000
1422187850.000000,158,2.361000
1422187853.000000,159,2.470000
1422187854.000000,159,2.461000
1422187859.000000,159,2.513000
1422187863.000000,157,2.197000
1422187864.000000,157,2.118000
1422187868.000000,155,2.199000
1422187874.000000,155,2.507000
1422187878.000000,155,2.773000
1422187882.000000,156,2.691000
1422187888.000000,157,2.722000
1422187893.000000,157,2.808000
1422187899.000000,156,2.770000
1422187906.000000,156,2.638000
1422187911.000000,158,2.628000
1422187915.000000,158,2.639000
1422187917.000000,158,2.576000
1422187923.000000,158,2.336000
1422187924.000000,158,2.306000
1422187927.000000,157,2.301000
1422187928.000000,158,2.290000
1422187929.000000,157,2.269000
1422187932.000000,157,2.267000
1422187937.000000,158,2.397000
1422187940.000000,159,2.469000
1422187941.000000,158,2.559000
1422187949.000000,158,2.753000
1422187954.000000,156,2.792000
1422187960.000000,157,2.923000
1422187966.000000,158,3.020000
1422187971.000000,160,2.912000
1422187972.000000,160,2.869000
1422187978.000000,162,3.004000
1422187981.000000,161,2.894000
1422187982.000000,161,2.852000
1422187988.000000,161,2.606000
1422187996.000000,162,2.535000
1422188002.000000,161,2.468000
1422188009.000000,160,2.536000
1422188016.000000,159,2.621000
1422188023.000000,158,2.300000
1422188030.000000,157,2.403000
1422188032.000000,156,2.536000
1422188035.000000,157,2.604000
1422188039.000000,159,2.662000
1422188041.000000,158,2.729000
1422188047.000000,157,2.679000
1422188052.000000,156,2.763000
1422188058.000000,156,2.772000
1422188063.000000,157,2.871000
1422188067.000000,160,2.987000
1422188068.000000,160,2.995000
1422188073.000000,161,2.991000
1422188079.000000,162,2.994000
1422188085.000000,162,3.007000
1422188091.000000,161,2.844000
1422188097.000000,161,2.806000
1422188103.000000,163,2.668000
1422188104.000000,162,2.639000
1422188107.000000,162,2.623000
1422188111.000000,162,2.666000
1422188113.000000,162,2.665000
1422188121.000000,161,2.506000
1422188125.000000,162,2.507000
1422188127.000000,162,2.569000
1422188133.000000,162,2.752000
1422188139.000000,162,2.614000
1422188146.000000,161,2.433000
1422188152.000000,160,2.458000
1422188156.000000,159,2.467000
1422188157.000000,159,2.470000
1422188159.000000,159,2.473000
1422188161.000000,158,2.500000
1422188166.000000,158,2.585000
1422188167.000000,158,2.571000
1422188171.000000,155,2.502000
1422188172.000000,154,2.478000
1422188179.000000,153,2.363000
1422188180.000000,153,2.380000
1422188183.000000,154,2.460000
1422188184.000000,154,2.489000
1422188190.000000,154,2.491000
1422188192.000000,153,2.445000
1422188194.000000,153,2.327000
1422188197.000000,153,2.233000
1422188199.000000,153,2.167000
1422188202.000000,153,2.129000
1422188204.000000,153,2.165000
1422188209.000000,153,2.223000
1422188211.000000,152,2.266000
1422188214.000000,152,2.247000
1422188220.000000,152,2.315000
1422188221.000000,152,2.347000
1422188224.000000,152,2.448000
1422188226.000000,152,2.458000
1422188231.000000,151,2.406000
1422188232.000000,151,2.378000
1422188238.000000,151,2.341000
1422188242.000000,150,2.165000
1422188243.000000,149,2.139000
1422188248.000000,150,2.243000
1422188254.000000,150,2.546000
1422188262.000000,149,2.551000
1422188268.000000,151,2.522000
1422188275.000000,154,2.713000
1422188279.000000,155,2.741000
1422188284.000000,156,2.813000
1422188289.000000,157,2.790000
1422188294.000000,160,2.878000
1422188301.000000,159,2.637000
1422188304.000000,154,2.510000
1422188306.000000,152,2.438000
1422188307.000000,152,2.417000
1422188313.000000,155,2.317000
1422188317.000000,158,2.379000
1422188319.000000,159,2.411000
1422188325.000000,161,2.439000
1422188330.000000,160,2.478000
1422188335.000000,159,2.598000
1422188340.000000,159,2.750000
1422188346.000000,159,2.870000
1422188351.000000,159,2.693000
1422188353.000000,160,2.664000
1422188355.000000,159,2.651000
1422188358.000000,160,2.663000
1422188360.000000,159,2.706000
1422188361.000000,159,2.716000
1422188362.000000,159,2.756000
1422188364.000000,159,2.703000
1422188366.000000,160,2.803000
1422188368.000000,159,2.832000
1422188371.000000,160,2.841000
1422188374.000000,161,2.745000
1422188375.000000,161,2.745000
1422188380.000000,161,2.583000
1422188386.000000,160,2.751000
1422188389.000000,160,2.709000
1422188390.000000,161,2.721000
1422188393.000000,160,2.830000
1422188394.000000,160,2.872000
1422188400.000000,161,3.057000
1422188403.000000,161,3.186000
1422188404.000000,161,3.160000
1422188406.000000,161,3.071000
1422188408.000000,162,2.936000
1422188413.000000,162,2.857000
1422188419.000000,164,2.833000
1422188424.000000,165,2.804000
1422188427.000000,165,2.760000
1422188429.000000,165,2.777000
1422188433.000000,165,2.736000
1422188438.000000,164,2.594000
1422188439.000000,163,2.512000
1422188442.000000,163,2.428000
1422188445.000000,162,2.365000
1422188446.000000,161,2.325000
1422188448.000000,160,2.184000
1422188451.000000,160,2.323000
1422188456.000000,161,2.410000
1422188458.000000,161,2.547000
1422188461.000000,162,2.670000
1422188467.000000,161,2.636000
1422188471.000000,160,2.441000
1422188472.000000,160,2.376000
1422188477.000000,159,2.366000
1422188480.000000,159,2.302000
1422188482.000000,159,2.301000
1422188486.000000,158,2.312000
1422188487.000000,158,2.332000
1422188490.000000,157,2.376000
1422188491.000000,157,2.420000
1422188498.000000,158,2.754000
1422188504.000000,159,2.900000
1422188511.000000,160,2.914000
1422188516.000000,160,3.060000
1422188520.000000,160,3.056000
1422188525.000000,158,2.976000
1422188527.000000,158,2.719000
1422188529.000000,158,2.683000
1422188535.000000,157,2.402000
1422188541.000000,157,2.299000
1422188547.000000,156,2.342000
1422188553.000000,156,2.239000
1422188558.000000,155,2.190000
1422188562.000000,156,2.207000
1422188563.000000,156,2.280000
1422188568.000000,155,2.583000
1422188571.000000,156,2.808000
1422188574.000000,156,2.859000
1422188581.000000,156,2.776000
1422188586.000000,156,2.764000
1422188587.000000,156,2.738000
1422188593.000000,156,2.652000
1422188599.000000,156,2.621000
1422188605.000000,158,2.700000
1422188611.000000,159,2.766000
1422188617.000000,159,2.886000
1422188623.000000,159,2.803000
1422188630.000000,160,2.538000
1422188635.000000,159,2.506000
1422188639.000000,156,2.393000
1422188641.000000,151,2.414000
1422188642.000000,148,2.359000
1422188646.000000,144,2.311000
1422188649.000000,146,2.301000
1422188651.000000,149,2.430000
1422188653.000000,153,2.447000
1422188654.000000,154,2.465000
1422188656.000000,157,2.566000
1422188659.000000,160,2.614000
1422188664.000000,162,2.688000
1422188666.000000,163,2.668000
1422188668.000000,163,2.677000
1422188670.000000,164,2.698000
1422188674.000000,163,2.621000
1422188679.000000,162,2.797000
1422188685.000000,161,2.682000
1422188691.000000,161,2.518000
1422188697.000000,160,2.560000
1422188703.000000,159,2.662000
1422188709.000000,160,2.679000
1422188715.000000,160,2.659000
1422188721.000000,158,2.682000
1422188726.000000,158,2.640000
1422188732.000000,159,2.620000
1422188738.000000,158,2.657000
1422188740.000000,158,2.668000
1422188744.000000,160,2.753000
1422188749.000000,158,2.724000
1422188754.000000,158,2.677000
1422188756.000000,158,2.651000
1422188757.000000,159,2.615000
1422188758.000000,160,2.638000
1422188762.000000,161,2.681000
1422188763.000000,160,2.668000
1422188769.000000,159,2.721000
1422188770.000000,159,2.687000
1422188773.000000,159,2.642000
1422188774.000000,159,2.619000
1422188780.000000,160,2.600000
1422188786.000000,160,2.570000
1422188791.000000,160,2.532000
1422188796.000000,159,2.402000
1422188801.000000,158,2.303000
1422188804.000000,156,2.009000
1422188806.000000,154,1.747000
1422188807.000000,153,1.616000
1422188811.000000,156,1.675000
1422188813.000000,158,1.694000
1422188815.000000,160,1.917000
1422188820.000000,160,2.306000
1422188823.000000,158,2.098000
1422188824.000000,158,2.062000
1422188829.000000,156,2.107000
1422188835.000000,158,2.557000
1422188840.000000,157,2.490000
1422188844.000000,156,2.542000
1422188848.000000,155,2.489000
1422188853.000000,153,2.891000
1422188859.000000,154,3.247000
1422188864.000000,154,3.192000
1422188870.000000,154,2.806000
1422188875.000000,153,2.237000
1422188880.000000,152,2.337000
1422188885.000000,153,2.665000
1422188889.000000,155,2.526000
1422188890.000000,155,2.456000
1422188893.000000,156,2.396000
1422188898.000000,158,2.520000
1422188900.000000,159,2.675000
1422188905.000000,160,2.980000
1422188911.000000,160,2.923000
1422188918.000000,160,2.719000
1422188924.000000,161,2.713000
1422188930.000000,164,2.803000
1422188931.000000,164,2.821000
1422188937.000000,164,3.028000
1422188943.000000,165,3.050000
1422188949.000000,164,2.895000
1422188954.000000,162,2.808000
1422188959.000000,162,2.708000
1422188964.000000,162,2.691000
1422188971.000000,163,2.777000
1422188977.000000,162,2.740000
1422188978.000000,162,2.741000
1422188985.000000,161,2.717000
1422188990.000000,161,2.584000
1422188992.000000,162,2.572000
1422188996.000000,162,2.543000
1422189001.000000,163,2.692000
1422189007.000000,164,2.855000
1422189012.000000,166,2.969000
1422189017.000000,167,3.090000
1422189021.000000,167,3.009000
1422189027.000000,168,2.906000
1422189033.000000,168,2.881000
1422189034.000000,168,2.857000
1422189037.000000,167,2.821000
1422189038.000000,167,2.798000
1422189042.000000,166,2.595000
1422189047.000000,163,2.001000
1422189050.000000,163,2.057000
1422189051.000000,163,2.137000
1422189057.000000,163,2.679000
1422189063.000000,165,2.899000
1422189069.000000,163,2.722000
1422189075.000000,162,2.508000
1422189080.000000,162,2.564000
1422189081.000000,162,2.601000
1422189086.000000,164,2.786000
1422189092.000000,166,3.005000
1422189099.000000,168,3.042000
1422189101.000000,167,3.015000
1422189103.000000,166,2.917000
1422189110.000000,164,2.699000
1422189118.000000,164,2.720000
1422189123.000000,165,2.754000
1422189125.000000,165,2.778000
1422189129.000000,165,2.874000
1422189135.000000,165,2.819000
1422189140.000000,165,2.598000
1422189146.000000,163,2.558000
1422189152.000000,163,2.620000
1422189157.000000,163,2.649000
1422189163.000000,162,2.683000
1422189167.000000,162,2.620000
1422189169.000000,161,2.320000
1422189172.000000,158,1.740000
1422189173.000000,157,1.597000
1422189176.000000,154,1.209000
1422189177.000000,153,1.086000
1422189181.000000,150,0.825000
1422189183.000000,150,0.946000
1422189185.000000,153,1.211000
1422189188.000000,156,1.654000
1422189190.000000,158,1.829000
1422189194.000000,159,2.483000
1422189201.000000,158,2.679000
1422189204.000000,159,2.677000
1422189205.000000,158,2.650000
1422189211.000000,158,2.614000
1422189217.000000,159,2.461000
1422189223.000000,157,2.350000
1422189231.000000,156,2.365000
1422189237.000000,157,2.512000
1422189242.000000,155,2.559000
1422189246.000000,155,2.590000
1422189251.000000,158,2.839000
1422189253.000000,160,2.927000
1422189257.000000,161,3.085000
1422189261.000000,161,2.971000
1422189265.000000,161,2.780000
1422189267.000000,161,2.723000
1422189268.000000,161,2.676000
1422189271.000000,161,2.581000
1422189278.000000,161,2.346000
1422189284.000000,160,2.292000
1422189290.000000,157,2.255000
1422189291.000000,156,2.195000
1422189294.000000,153,1.827000
1422189297.000000,152,1.687000
1422189302.000000,153,1.720000
1422189303.000000,152,1.796000
1422189308.000000,152,2.226000
1422189310.000000,151,2.285000
1422189314.000000,153,2.342000
1422189322.000000,155,2.398000
1422189328.000000,154,2.355000
1422189335.000000,154,2.423000
1422189338.000000,150,2.489000
1422189339.000000,147,2.490000
1422189342.000000,144,2.534000
1422189346.000000,147,2.563000
1422189349.000000,150,2.516000
1422189352.000000,153,2.490000
1422189354.000000,154,2.454000
1422189360.000000,156,2.356000
1422189366.000000,157,2.433000
1422189367.000000,158,2.429000
1422189372.000000,158,2.521000
1422189377.000000,157,2.462000
1422189382.000000,157,2.411000
1422189388.000000,157,2.394000
1422189396.000000,158,2.534000
1422189403.000000,158,2.601000
1422189409.000000,157,2.575000
1422189416.000000,157,2.590000
1422189421.000000,156,2.684000
1422189428.000000,156,2.711000
1422189433.000000,156,2.599000
1422189436.000000,156,2.542000
1422189438.000000,157,2.521000
1422189442.000000,156,2.573000
1422189444.000000,156,2.544000
1422189446.000000,156,2.527000
1422189448.000000,156,2.466000
1422189453.000000,155,2.352000
1422189459.000000,153,2.309000
1422189467.000000,152,2.324000
1422189472.000000,152,2.240000
1422189477.000000,152,2.182000
1422189478.000000,152,2.175000
1422189484.000000,152,2.223000
1422189486.000000,152,2.288000
1422189489.000000,152,2.245000
1422189493.000000,153,2.250000
1422189495.000000,153,2.247000
1422189497.000000,153,2.210000
1422189500.000000,154,2.209000
1422189506.000000,153,2.207000
1422189512.000000,153,2.201000
1422189514.000000,152,1.943000
1422189518.000000,152,1.961000
1422189519.000000,152,1.953000
1422189524.000000,152,2.052000
1422189531.000000,152,2.398000
1422189535.000000,152,2.396000
1422189537.000000,152,2.396000
1422189538.000000,151,2.416000
1422189543.000000,151,2.480000
1422189549.000000,152,2.597000
1422189555.000000,155,2.711000
1422189556.000000,155,2.735000
1422189562.000000,154,2.586000
1422189568.000000,155,2.466000
1422189574.000000,155,2.434000
1422189579.000000,156,2.439000
1422189584.000000,155,2.435000
1422189585.000000,155,2.422000
1422189592.000000,153,2.370000
1422189598.000000,152,2.385000
1422189603.000000,151,2.344000
1422189608.000000,150,2.328000
1422189610.000000,151,2.311000
1422189613.000000,152,2.199000
1422189616.000000,153,2.203000
1422189619.000000,153,2.180000
1422189624.000000,156,2.359000
1422189625.000000,156,2.427000
1422189631.000000,156,2.462000
1422189637.000000,155,2.442000
1422189642.000000,154,2.482000
1422189648.000000,154,2.525000
1422189655.000000,154,2.541000
1422189661.000000,152,2.515000
1422189667.000000,150,2.323000
1422189673.000000,150,2.112000
1422189681.000000,151,2.149000
1422189686.000000,152,2.166000
1422189693.000000,155,2.394000
1422189699.000000,157,2.711000
1422189700.000000,157,2.736000
1422189704.000000,157,2.802000
1422189709.000000,158,2.669000
1422189711.000000,158,2.641000
1422189714.000000,159,2.504000
1422189720.000000,159,2.486000
1422189725.000000,159,2.507000
1422189730.000000,159,2.569000
1422189736.000000,160,2.711000
1422189742.000000,162,2.637000
1422189748.000000,160,2.564000
1422189751.000000,159,2.588000
1422189754.000000,159,2.508000
1422189759.000000,158,2.407000
1422189765.000000,157,2.357000
1422189771.000000,155,2.459000
1422189772.000000,155,2.465000
1422189777.000000,154,2.415000
1422189780.000000,151,2.338000
1422189781.000000,148,2.328000
1422189782.000000,146,2.315000
1422189783.000000,143,2.319000
1422189787.000000,146,2.247000
1422189788.000000,146,2.217000
1422189791.000000,150,2.028000
1422189792.000000,150,1.942000
1422189794.000000,152,1.712000
1422189798.000000,149,0.148000
1422189801.000000,145,0.117000
1422189802.000000,144,0.225000
1422189808.000000,141,0.674000
1422189814.000000,138,1.329000
1422189816.000000,137,1.436000
1422189817.000000,136,1.405000
1422189820.000000,135,1.393000
1422189825.000000,132,1.278000
